"DESCRIPTION","DURATION IN MS","NAME","PARENT SUITE","START TIME","STATUS","STOP TIME","SUB SUITE","SUITE","TEST CLASS","TEST METHOD"
"Matrix #31: a complete review shows ""Thank you for your review."".","504","test_product_review_submit_valid","tests.product_details","2026-10-07","passed","2026-10-07","","test_product_details","",""
"Matrix #23: the Polo brand link opens the filtered ""Polo Products"" list.","2423","test_products_brand_filter","tests.products","2026-10-07","passed","2026-10-07","","test_products","",""
"Matrix #37: removing the only item returns the cart to its empty state.","6060","test_cart_remove_item_returns_to_empty","tests.cart","2026-10-07","passed","2026-10-07","","test_cart","",""
"Matrix #26: the search box is keyboard-reachable and Enter submits it.","6548","test_products_search_and_filters_keyboard_accessible","tests.products","2026-10-07","skipped","2026-10-07","","test_products","",""
"Matrix #34: a fresh session's cart shows the empty message with a
    link back to /products.","793","test_cart_empty_state","tests.cart","2026-10-07","passed","2026-10-07","","test_cart","",""
"Matrix #15: the mobile number is required — the browser blocks the
    submission and no account is created.","3263","test_signup_missing_required_field","tests.signup","2026-10-07","passed","2026-10-07","","test_signup","",""
"Matrix #1: a registered user can log in and lands on the home page.","3637","test_login_valid_credentials","tests.login","2026-10-07","passed","2026-10-07","","test_login","",""
"Matrix #12: if the login request fails at the network level, no
    session is created — the user is still logged out once connectivity
    returns. (The site shows no error of its own; the browser shows its
    offline page.)","4536","test_login_network_failure_does_not_create_session","tests.login","2026-10-07","passed","2026-10-07","","test_login","",""
"Matrix #47: every in-scope nav destination loads with a 2xx
    response and a rendered header. The only coverage the static Test
    Cases / API Testing pages get.","378","test_global_nav_link_resolves[/view_cart]","tests.nav","2026-10-07","passed","2026-10-07","","test_global_nav","",""
"Matrix #21: a script-injection string in search is treated as plain
    text — no script runs and results still render.","3980","test_products_search_special_characters_handled_safely","tests.products","2026-10-07","passed","2026-10-07","","test_products","",""
"Matrix #14: signing up with an already-registered email shows
    ""Email Address already exist!"" and never shows the account form.","1372","test_signup_duplicate_email","tests.signup","2026-10-07","passed","2026-10-07","","test_signup","",""
"Matrix #21: a script-injection string in search is treated as plain
    text — no script runs and results still render.","831","test_products_search_special_characters_handled_safely","tests.products","2026-10-07","passed","2026-10-07","","test_products","",""
"Matrix #47: every in-scope nav destination loads with a 2xx
    response and a rendered header. The only coverage the static Test
    Cases / API Testing pages get.","774","test_global_nav_link_resolves[/test_cases]","tests.nav","2026-10-07","passed","2026-10-07","","test_global_nav","",""
"Matrix #35: an added product appears with its name, price, quantity
    and total, plus Proceed To Checkout.","1816","test_cart_shows_added_item","tests.cart","2026-10-07","passed","2026-10-07","","test_cart","",""
"Matrix #5: both fields are required — the browser blocks an empty
    submission.","801","test_login_empty_fields","tests.login","2026-10-07","passed","2026-10-07","","test_login","",""
"Matrix #42: a user can delete their own account — immediately, with
    no confirmation step. The throwaway account is created through the
    API (setup, not what's under test); the login and deletion are driven
    through the UI. Never uses the shared test account.","3146","test_delete_account_completes","tests.account","2026-10-07","passed","2026-10-07","","test_account","",""
"Matrix #32: all review fields are required — the browser blocks an
    empty submission.","776","test_product_review_empty_field","tests.product_details","2026-10-07","passed","2026-10-07","","test_product_details","",""
"Matrix #48: an automated axe-core (WCAG) scan of each key page finds
    no critical/serious violations beyond the page's known baseline — so
    new accessibility regressions fail the build while existing defects
    stay tracked.","1415","test_no_new_accessibility_violations[/product_details/1]","tests.accessibility","2026-10-07","passed","2026-10-07","","test_accessibility","",""
"Matrix #4: the email field's native type=""email"" validation blocks
    the submission before it reaches the server.","844","test_login_malformed_email_format","tests.login","2026-10-07","passed","2026-10-07","","test_login","",""
"Matrix #45: the email field's native validation rejects a malformed address.","708","test_contact_us_invalid_email_format","tests.contact_us","2026-10-07","passed","2026-10-07","","test_contact_us","",""
"Matrix #47: every in-scope nav destination loads with a 2xx
    response and a rendered header. The only coverage the static Test
    Cases / API Testing pages get.","1103","test_global_nav_link_resolves[/view_cart]","tests.nav","2026-10-07","passed","2026-10-07","","test_global_nav","",""
"Matrix #42: a user can delete their own account — immediately, with
    no confirmation step. The throwaway account is created through the
    API (setup, not what's under test); the login and deletion are driven
    through the UI. Never uses the shared test account.","2473","test_delete_account_completes","tests.account","2026-10-07","passed","2026-10-07","","test_account","",""
"Matrix #48: an automated axe-core (WCAG) scan of each key page finds
    no critical/serious violations beyond the page's known baseline — so
    new accessibility regressions fail the build while existing defects
    stay tracked.","1025","test_no_new_accessibility_violations[/contact_us]","tests.accessibility","2026-10-07","passed","2026-10-07","","test_accessibility","",""
"Matrix #48: an automated axe-core (WCAG) scan of each key page finds
    no critical/serious violations beyond the page's known baseline — so
    new accessibility regressions fail the build while existing defects
    stay tracked.","1983","test_no_new_accessibility_violations[/product_details/1]","tests.accessibility","2026-10-07","passed","2026-10-07","","test_accessibility","",""
"Matrix #10: the login form can be completed with the keyboard alone
    (Tab between fields, Enter to submit).","1641","test_login_keyboard_only_operable","tests.login","2026-10-07","passed","2026-10-07","","test_login","",""
"Matrix #9: once the session cookie is gone, the next page load shows
    the logged-out state instead of a broken page.","645","test_session_expired_mid_use","tests.login","2026-10-07","passed","2026-10-07","","test_login","",""
"Matrix #48: an automated axe-core (WCAG) scan of each key page finds
    no critical/serious violations beyond the page's known baseline — so
    new accessibility regressions fail the build while existing defects
    stay tracked.","838","test_no_new_accessibility_violations[/login]","tests.accessibility","2026-10-07","passed","2026-10-07","","test_accessibility","",""
"Matrix #42: a user can delete their own account — immediately, with
    no confirmation step. The throwaway account is created through the
    API (setup, not what's under test); the login and deletion are driven
    through the UI. Never uses the shared test account.","6847","test_delete_account_completes","tests.account","2026-10-07","passed","2026-10-07","","test_account","",""
"Matrix #4: the email field's native type=""email"" validation blocks
    the submission before it reaches the server.","712","test_login_malformed_email_format","tests.login","2026-10-07","passed","2026-10-07","","test_login","",""
"Matrix #37: removing the only item returns the cart to its empty state.","1376","test_cart_remove_item_returns_to_empty","tests.cart","2026-10-07","passed","2026-10-07","","test_cart","",""
"Matrix #48: an automated axe-core (WCAG) scan of each key page finds
    no critical/serious violations beyond the page's known baseline — so
    new accessibility regressions fail the build while existing defects
    stay tracked.","1311","test_no_new_accessibility_violations[/]","tests.accessibility","2026-10-07","passed","2026-10-07","","test_accessibility","",""
"Matrix #23: the Polo brand link opens the filtered ""Polo Products"" list.","1496","test_products_brand_filter","tests.products","2026-10-07","passed","2026-10-07","","test_products","",""
"Matrix #16: the signup email field's native validation blocks a
    malformed address before reaching /signup.","466","test_signup_malformed_email_format","tests.signup","2026-10-07","passed","2026-10-07","","test_signup","",""
"Matrix #44: the required email field blocks an empty submission
    before the confirm dialog appears.","698","test_contact_us_empty_required_fields","tests.contact_us","2026-10-07","passed","2026-10-07","","test_contact_us","",""
"Matrix #47: every in-scope nav destination loads with a 2xx
    response and a rendered header. The only coverage the static Test
    Cases / API Testing pages get.","619","test_global_nav_link_resolves[/]","tests.nav","2026-10-07","passed","2026-10-07","","test_global_nav","",""
"Matrix #47: every in-scope nav destination loads with a 2xx
    response and a rendered header. The only coverage the static Test
    Cases / API Testing pages get.","537","test_global_nav_link_resolves[/contact_us]","tests.nav","2026-10-07","passed","2026-10-07","","test_global_nav","",""
"Matrix #48: an automated axe-core (WCAG) scan of each key page finds
    no critical/serious violations beyond the page's known baseline — so
    new accessibility regressions fail the build while existing defects
    stay tracked.","5538","test_no_new_accessibility_violations[/]","tests.accessibility","2026-10-07","passed","2026-10-07","","test_accessibility","",""
"Matrix #28: a quantity of 0 should not be added to the cart.","4458","test_product_details_quantity_below_minimum_rejected","tests.product_details","2026-10-07","skipped","2026-10-07","","test_product_details","",""
"Matrix #36: cart quantity is a greyed-out button, not an input —
    quantity can only be chosen on the product page. The ""disabled"" is a
    CSS class only (not the HTML disabled attribute), so that's what is
    asserted.","4066","test_cart_quantity_is_not_editable","tests.cart","2026-10-07","passed","2026-10-07","","test_cart","",""
"Matrix #27: the product page shows name, price, quantity and Add to cart.","1174","test_product_details_renders","tests.product_details","2026-10-07","passed","2026-10-07","","test_product_details","",""
"Matrix #34: a fresh session's cart shows the empty message with a
    link back to /products.","448","test_cart_empty_state","tests.cart","2026-10-07","passed","2026-10-07","","test_cart","",""
"Matrix #39: end-to-end purchase — cart → checkout (address and order
    review shown) → payment → ""Order Placed!"" with an invoice link.","7419","test_checkout_happy_path","tests.checkout","2026-10-07","passed","2026-10-07","","test_checkout","",""
"Matrix #16: the signup email field's native validation blocks a
    malformed address before reaching /signup.","2689","test_signup_malformed_email_format","tests.signup","2026-10-07","passed","2026-10-07","","test_signup","",""
"Matrix #43: a complete message with an attachment is accepted after
    confirming the browser's ""Press OK to proceed!"" dialog.","2194","test_contact_us_submit_valid","tests.contact_us","2026-10-07","passed","2026-10-07","","test_contact_us","",""
"Matrix #18, #25: the products page shows the product grid and search
    box. #25 (cross-browser parity) is covered by this same test running
    on Chromium, Firefox and WebKit in the nightly CI matrix.","12003","test_products_grid_renders","tests.products","2026-10-07","passed","2026-10-07","","test_products","",""
"Matrix #5: both fields are required — the browser blocks an empty
    submission.","1993","test_login_empty_fields","tests.login","2026-10-07","passed","2026-10-07","","test_login","",""
"Matrix #40: a card number containing letters should be rejected.","10191","test_checkout_invalid_payment_details_rejected","tests.checkout","2026-10-07","skipped","2026-10-07","","test_checkout","",""
"Matrix #45: the email field's native validation rejects a malformed address.","1718","test_contact_us_invalid_email_format","tests.contact_us","2026-10-07","passed","2026-10-07","","test_contact_us","",""
"Matrix #47: every in-scope nav destination loads with a 2xx
    response and a rendered header. The only coverage the static Test
    Cases / API Testing pages get.","1655","test_global_nav_link_resolves[/api_list]","tests.nav","2026-10-07","passed","2026-10-07","","test_global_nav","",""
"Matrix #29: a large quantity (100) reaches the cart unchanged.","1349","test_product_details_quantity_large_value","tests.product_details","2026-10-07","passed","2026-10-07","","test_product_details","",""
"Matrix #38: a logged-out user who proceeds to checkout is asked to
    register / log in instead of reaching /checkout.","1172","test_checkout_requires_login","tests.checkout","2026-10-07","passed","2026-10-07","","test_checkout","",""
"Matrix #24: adding from the grid shows the ""Added!"" confirmation modal.","1129","test_products_add_to_cart_shows_confirmation","tests.products","2026-10-07","passed","2026-10-07","","test_products","",""
"Matrix #11: the email input should have an accessible name beyond
    its placeholder.","633","test_login_fields_have_accessible_labels","tests.login","2026-10-07","skipped","2026-10-07","","test_login","",""
"Matrix #24: adding from the grid shows the ""Added!"" confirmation modal.","2342","test_products_add_to_cart_shows_confirmation","tests.products","2026-10-07","passed","2026-10-07","","test_products","",""
"Matrix #7: logging out returns to /login and removes the logged-in
    nav. Logs in fresh rather than using the cached session, because
    logout invalidates the session server-side for every later test.","5579","test_logout_ends_session","tests.login","2026-10-07","passed","2026-10-07","","test_login","",""
"Matrix #46: a larger (~68 KB) attachment is accepted — no size
    limit is documented, and none is enforced at this size.","2238","test_contact_us_file_upload_boundary","tests.contact_us","2026-10-07","passed","2026-10-07","","test_contact_us","",""
"Matrix #6: a 500-character password (the field has no maxlength) is
    handled like any wrong password — the normal error, no crash.","3109","test_login_long_password_input","tests.login","2026-10-07","passed","2026-10-07","","test_login","",""
"Matrix #30: the quantity field is type=""number"", so typed letters
    never become part of its value — however the browser handles the
    keystrokes (Chromium drops them; Firefox shows them but reports an
    empty value).","570","test_product_details_quantity_non_numeric_input","tests.product_details","2026-10-07","passed","2026-10-07","","test_product_details","",""
"Matrix #5: both fields are required — the browser blocks an empty
    submission.","1067","test_login_empty_fields","tests.login","2026-10-07","passed","2026-10-07","","test_login","",""
"Matrix #9: once the session cookie is gone, the next page load shows
    the logged-out state instead of a broken page.","1242","test_session_expired_mid_use","tests.login","2026-10-07","passed","2026-10-07","","test_login","",""
"Matrix #27: the product page shows name, price, quantity and Add to cart.","897","test_product_details_renders","tests.product_details","2026-10-07","passed","2026-10-07","","test_product_details","",""
"Matrix #38: a logged-out user who proceeds to checkout is asked to
    register / log in instead of reaching /checkout.","3351","test_checkout_requires_login","tests.checkout","2026-10-07","passed","2026-10-07","","test_checkout","",""
"Matrix #41: the Delete Account nav link is hidden while logged out
    and shown once logged in. Chosen as this flow's smoke test so smoke
    runs never delete an account.","1500","test_delete_account_link_visibility","tests.account","2026-10-07","passed","2026-10-07","","test_account","",""
"Matrix #33: the review email field rejects a malformed address.","533","test_product_review_invalid_email_format","tests.product_details","2026-10-07","passed","2026-10-07","","test_product_details","",""
"Matrix #24: adding from the grid shows the ""Added!"" confirmation modal.","1983","test_products_add_to_cart_shows_confirmation","tests.products","2026-10-07","passed","2026-10-07","","test_products","",""
"Matrix #40: a card number containing letters should be rejected.","5525","test_checkout_invalid_payment_details_rejected","tests.checkout","2026-10-07","skipped","2026-10-07","","test_checkout","",""
"Matrix #1: a registered user can log in and lands on the home page.","2508","test_login_valid_credentials","tests.login","2026-10-07","passed","2026-10-07","","test_login","",""
"Matrix #43: a complete message with an attachment is accepted after
    confirming the browser's ""Press OK to proceed!"" dialog.","817","test_contact_us_submit_valid","tests.contact_us","2026-10-07","passed","2026-10-07","","test_contact_us","",""
"Matrix #39: end-to-end purchase — cart → checkout (address and order
    review shown) → payment → ""Order Placed!"" with an invoice link.","3724","test_checkout_happy_path","tests.checkout","2026-10-07","passed","2026-10-07","","test_checkout","",""
"Matrix #41: the Delete Account nav link is hidden while logged out
    and shown once logged in. Chosen as this flow's smoke test so smoke
    runs never delete an account.","3558","test_delete_account_link_visibility","tests.account","2026-10-07","passed","2026-10-07","","test_account","",""
"Matrix #18, #25: the products page shows the product grid and search
    box. #25 (cross-browser parity) is covered by this same test running
    on Chromium, Firefox and WebKit in the nightly CI matrix.","918","test_products_grid_renders","tests.products","2026-10-07","passed","2026-10-07","","test_products","",""
"Matrix #47: every in-scope nav destination loads with a 2xx
    response and a rendered header. The only coverage the static Test
    Cases / API Testing pages get.","562","test_global_nav_link_resolves[/login]","tests.nav","2026-10-07","passed","2026-10-07","","test_global_nav","",""
"Matrix #6: a 500-character password (the field has no maxlength) is
    handled like any wrong password — the normal error, no crash.","1207","test_login_long_password_input","tests.login","2026-10-07","passed","2026-10-07","","test_login","",""
"Matrix #31: a complete review shows ""Thank you for your review."".","1153","test_product_review_submit_valid","tests.product_details","2026-10-07","passed","2026-10-07","","test_product_details","",""
"Matrix #47: every in-scope nav destination loads with a 2xx
    response and a rendered header. The only coverage the static Test
    Cases / API Testing pages get.","541","test_global_nav_link_resolves[/test_cases]","tests.nav","2026-10-07","passed","2026-10-07","","test_global_nav","",""
"Matrix #19: searching a known term shows ""Searched Products"" with
    matching results.","859","test_products_search_matching_term","tests.products","2026-10-07","passed","2026-10-07","","test_products","",""
"Matrix #16: the signup email field's native validation blocks a
    malformed address before reaching /signup.","501","test_signup_malformed_email_format","tests.signup","2026-10-07","passed","2026-10-07","","test_signup","",""
"Matrix #48: an automated axe-core (WCAG) scan of each key page finds
    no critical/serious violations beyond the page's known baseline — so
    new accessibility regressions fail the build while existing defects
    stay tracked.","3538","test_no_new_accessibility_violations[/products]","tests.accessibility","2026-10-07","passed","2026-10-07","","test_accessibility","",""
"Matrix #47: every in-scope nav destination loads with a 2xx
    response and a rendered header. The only coverage the static Test
    Cases / API Testing pages get.","635","test_global_nav_link_resolves[/api_list]","tests.nav","2026-10-07","passed","2026-10-07","","test_global_nav","",""
"Matrix #20: a search with no matches shows the heading and zero
    products (the site has no dedicated ""no results"" message).","2673","test_products_search_no_results","tests.products","2026-10-07","passed","2026-10-07","","test_products","",""
"Matrix #32: all review fields are required — the browser blocks an
    empty submission.","834","test_product_review_empty_field","tests.product_details","2026-10-07","passed","2026-10-07","","test_product_details","",""
"Matrix #17: a 3-digit mobile number should be rejected.","12180","test_signup_invalid_mobile_number_format","tests.signup","2026-10-07","skipped","2026-10-07","","test_signup","",""
"Matrix #47: every in-scope nav destination loads with a 2xx
    response and a rendered header. The only coverage the static Test
    Cases / API Testing pages get.","851","test_global_nav_link_resolves[/contact_us]","tests.nav","2026-10-07","passed","2026-10-07","","test_global_nav","",""
"Matrix #11: the email input should have an accessible name beyond
    its placeholder.","829","test_login_fields_have_accessible_labels","tests.login","2026-10-07","skipped","2026-10-07","","test_login","",""
"Matrix #43: a complete message with an attachment is accepted after
    confirming the browser's ""Press OK to proceed!"" dialog.","1648","test_contact_us_submit_valid","tests.contact_us","2026-10-07","passed","2026-10-07","","test_contact_us","",""
"Matrix #10: the login form can be completed with the keyboard alone
    (Tab between fields, Enter to submit).","4681","test_login_keyboard_only_operable","tests.login","2026-10-07","passed","2026-10-07","","test_login","",""
"Matrix #47: every in-scope nav destination loads with a 2xx
    response and a rendered header. The only coverage the static Test
    Cases / API Testing pages get.","1586","test_global_nav_link_resolves[/login]","tests.nav","2026-10-07","passed","2026-10-07","","test_global_nav","",""
"Matrix #4: the email field's native type=""email"" validation blocks
    the submission before it reaches the server.","1912","test_login_malformed_email_format","tests.login","2026-10-07","passed","2026-10-07","","test_login","",""
"Matrix #6: a 500-character password (the field has no maxlength) is
    handled like any wrong password — the normal error, no crash.","663","test_login_long_password_input","tests.login","2026-10-07","passed","2026-10-07","","test_login","",""
"Matrix #12: if the login request fails at the network level, no
    session is created — the user is still logged out once connectivity
    returns. (The site shows no error of its own; the browser shows its
    offline page.)","1805","test_login_network_failure_does_not_create_session","tests.login","2026-10-07","passed","2026-10-07","","test_login","",""
"Matrix #47: every in-scope nav destination loads with a 2xx
    response and a rendered header. The only coverage the static Test
    Cases / API Testing pages get.","1044","test_global_nav_link_resolves[/]","tests.nav","2026-10-07","passed","2026-10-07","","test_global_nav","",""
"Matrix #21: a script-injection string in search is treated as plain
    text — no script runs and results still render.","1796","test_products_search_special_characters_handled_safely","tests.products","2026-10-07","passed","2026-10-07","","test_products","",""
"Matrix #47: every in-scope nav destination loads with a 2xx
    response and a rendered header. The only coverage the static Test
    Cases / API Testing pages get.","641","test_global_nav_link_resolves[/api_list]","tests.nav","2026-10-07","passed","2026-10-07","","test_global_nav","",""
"Matrix #36: cart quantity is a greyed-out button, not an input —
    quantity can only be chosen on the product page. The ""disabled"" is a
    CSS class only (not the HTML disabled attribute), so that's what is
    asserted.","1452","test_cart_quantity_is_not_editable","tests.cart","2026-10-07","passed","2026-10-07","","test_cart","",""
"Matrix #30: the quantity field is type=""number"", so typed letters
    never become part of its value — however the browser handles the
    keystrokes (Chromium drops them; Firefox shows them but reports an
    empty value).","1424","test_product_details_quantity_non_numeric_input","tests.product_details","2026-10-07","passed","2026-10-07","","test_product_details","",""
"Matrix #36: cart quantity is a greyed-out button, not an input —
    quantity can only be chosen on the product page. The ""disabled"" is a
    CSS class only (not the HTML disabled attribute), so that's what is
    asserted.","1948","test_cart_quantity_is_not_editable","tests.cart","2026-10-07","passed","2026-10-07","","test_cart","",""
"Matrix #34: a fresh session's cart shows the empty message with a
    link back to /products.","1740","test_cart_empty_state","tests.cart","2026-10-07","passed","2026-10-07","","test_cart","",""
"Matrix #41: the Delete Account nav link is hidden while logged out
    and shown once logged in. Chosen as this flow's smoke test so smoke
    runs never delete an account.","2078","test_delete_account_link_visibility","tests.account","2026-10-07","passed","2026-10-07","","test_account","",""
"Matrix #46: a larger (~68 KB) attachment is accepted — no size
    limit is documented, and none is enforced at this size.","681","test_contact_us_file_upload_boundary","tests.contact_us","2026-10-07","passed","2026-10-07","","test_contact_us","",""
"Matrix #48: an automated axe-core (WCAG) scan of each key page finds
    no critical/serious violations beyond the page's known baseline — so
    new accessibility regressions fail the build while existing defects
    stay tracked.","2622","test_no_new_accessibility_violations[/products]","tests.accessibility","2026-10-07","passed","2026-10-07","","test_accessibility","",""
"Matrix #30: the quantity field is type=""number"", so typed letters
    never become part of its value — however the browser handles the
    keystrokes (Chromium drops them; Firefox shows them but reports an
    empty value).","892","test_product_details_quantity_non_numeric_input","tests.product_details","2026-10-07","passed","2026-10-07","","test_product_details","",""
"Matrix #1: a registered user can log in and lands on the home page.","1528","test_login_valid_credentials","tests.login","2026-10-07","passed","2026-10-07","","test_login","",""
"Matrix #2, #3: wrong password and unregistered email both show the
    same generic error and never log the user in.","1393","test_login_invalid_credentials[unregistered-email]","tests.login","2026-10-07","passed","2026-10-07","","test_login","",""
"Matrix #35: an added product appears with its name, price, quantity
    and total, plus Proceed To Checkout.","4261","test_cart_shows_added_item","tests.cart","2026-10-07","passed","2026-10-07","","test_cart","",""
"Matrix #10: the login form can be completed with the keyboard alone
    (Tab between fields, Enter to submit).","2639","test_login_keyboard_only_operable","tests.login","2026-10-07","passed","2026-10-07","","test_login","",""
"Matrix #29: a large quantity (100) reaches the cart unchanged.","3589","test_product_details_quantity_large_value","tests.product_details","2026-10-07","passed","2026-10-07","","test_product_details","",""
"Matrix #7: logging out returns to /login and removes the logged-in
    nav. Logs in fresh rather than using the cached session, because
    logout invalidates the session server-side for every later test.","2244","test_logout_ends_session","tests.login","2026-10-07","passed","2026-10-07","","test_login","",""
"Matrix #11: the email input should have an accessible name beyond
    its placeholder.","1136","test_login_fields_have_accessible_labels","tests.login","2026-10-07","skipped","2026-10-07","","test_login","",""
"Matrix #48: an automated axe-core (WCAG) scan of each key page finds
    no critical/serious violations beyond the page's known baseline — so
    new accessibility regressions fail the build while existing defects
    stay tracked.","2593","test_no_new_accessibility_violations[/login]","tests.accessibility","2026-10-07","passed","2026-10-07","","test_accessibility","",""
"Matrix #2, #3: wrong password and unregistered email both show the
    same generic error and never log the user in.","1450","test_login_invalid_credentials[wrong-password]","tests.login","2026-10-07","passed","2026-10-07","","test_login","",""
"Matrix #35: an added product appears with its name, price, quantity
    and total, plus Proceed To Checkout.","4342","test_cart_shows_added_item","tests.cart","2026-10-07","passed","2026-10-07","","test_cart","",""
"Matrix #48: an automated axe-core (WCAG) scan of each key page finds
    no critical/serious violations beyond the page's known baseline — so
    new accessibility regressions fail the build while existing defects
    stay tracked.","2009","test_no_new_accessibility_violations[/contact_us]","tests.accessibility","2026-10-07","passed","2026-10-07","","test_accessibility","",""
"Matrix #46: a larger (~68 KB) attachment is accepted — no size
    limit is documented, and none is enforced at this size.","1415","test_contact_us_file_upload_boundary","tests.contact_us","2026-10-07","passed","2026-10-07","","test_contact_us","",""
"Matrix #15: the mobile number is required — the browser blocks the
    submission and no account is created.","689","test_signup_missing_required_field","tests.signup","2026-10-07","passed","2026-10-07","","test_signup","",""
"Matrix #9: once the session cookie is gone, the next page load shows
    the logged-out state instead of a broken page.","2794","test_session_expired_mid_use","tests.login","2026-10-07","passed","2026-10-07","","test_login","",""
"Matrix #13: a new user can sign up, lands on ""Account Created!"",
    and is logged in on continuing.","2517","test_signup_happy_path","tests.signup","2026-10-07","passed","2026-10-07","","test_signup","",""
"Matrix #48: an automated axe-core (WCAG) scan of each key page finds
    no critical/serious violations beyond the page's known baseline — so
    new accessibility regressions fail the build while existing defects
    stay tracked.","963","test_no_new_accessibility_violations[/view_cart]","tests.accessibility","2026-10-07","passed","2026-10-07","","test_accessibility","",""
"Matrix #47: every in-scope nav destination loads with a 2xx
    response and a rendered header. The only coverage the static Test
    Cases / API Testing pages get.","1030","test_global_nav_link_resolves[/test_cases]","tests.nav","2026-10-07","passed","2026-10-07","","test_global_nav","",""
"Matrix #15: the mobile number is required — the browser blocks the
    submission and no account is created.","1980","test_signup_missing_required_field","tests.signup","2026-10-07","passed","2026-10-07","","test_signup","",""
"Matrix #47: every in-scope nav destination loads with a 2xx
    response and a rendered header. The only coverage the static Test
    Cases / API Testing pages get.","2715","test_global_nav_link_resolves[/]","tests.nav","2026-10-07","passed","2026-10-07","","test_global_nav","",""
"Matrix #8: /delete_account has no server-side auth guard — while
    logged out it still renders ""Account Deleted!"" (only the nav link is
    hidden). Low impact since there is no account to delete, but a real
    authorization gap, so this test pins the current behavior.","955","test_unauthenticated_access_to_delete_account_not_guarded","tests.login","2026-10-07","passed","2026-10-07","","test_login","",""
"Matrix #48: an automated axe-core (WCAG) scan of each key page finds
    no critical/serious violations beyond the page's known baseline — so
    new accessibility regressions fail the build while existing defects
    stay tracked.","1172","test_no_new_accessibility_violations[/product_details/1]","tests.accessibility","2026-10-07","passed","2026-10-07","","test_accessibility","",""
"Matrix #44: the required email field blocks an empty submission
    before the confirm dialog appears.","1645","test_contact_us_empty_required_fields","tests.contact_us","2026-10-07","passed","2026-10-07","","test_contact_us","",""
"Matrix #26: the search box is keyboard-reachable and Enter submits it.","5967","test_products_search_and_filters_keyboard_accessible","tests.products","2026-10-07","skipped","2026-10-07","","test_products","",""
"Matrix #7: logging out returns to /login and removes the logged-in
    nav. Logs in fresh rather than using the cached session, because
    logout invalidates the session server-side for every later test.","3513","test_logout_ends_session","tests.login","2026-10-07","passed","2026-10-07","","test_login","",""
"Matrix #32: all review fields are required — the browser blocks an
    empty submission.","2370","test_product_review_empty_field","tests.product_details","2026-10-07","passed","2026-10-07","","test_product_details","",""
"Matrix #14: signing up with an already-registered email shows
    ""Email Address already exist!"" and never shows the account form.","967","test_signup_duplicate_email","tests.signup","2026-10-07","passed","2026-10-07","","test_signup","",""
"Matrix #47: every in-scope nav destination loads with a 2xx
    response and a rendered header. The only coverage the static Test
    Cases / API Testing pages get.","623","test_global_nav_link_resolves[/view_cart]","tests.nav","2026-10-07","passed","2026-10-07","","test_global_nav","",""
"Matrix #48: an automated axe-core (WCAG) scan of each key page finds
    no critical/serious violations beyond the page's known baseline — so
    new accessibility regressions fail the build while existing defects
    stay tracked.","1441","test_no_new_accessibility_violations[/products]","tests.accessibility","2026-10-07","passed","2026-10-07","","test_accessibility","",""
"Matrix #28: a quantity of 0 should not be added to the cart.","3860","test_product_details_quantity_below_minimum_rejected","tests.product_details","2026-10-07","skipped","2026-10-07","","test_product_details","",""
"Matrix #19: searching a known term shows ""Searched Products"" with
    matching results.","3754","test_products_search_matching_term","tests.products","2026-10-07","passed","2026-10-07","","test_products","",""
"Matrix #23: the Polo brand link opens the filtered ""Polo Products"" list.","3475","test_products_brand_filter","tests.products","2026-10-07","passed","2026-10-07","","test_products","",""
"Matrix #12: if the login request fails at the network level, no
    session is created — the user is still logged out once connectivity
    returns. (The site shows no error of its own; the browser shows its
    offline page.)","1289","test_login_network_failure_does_not_create_session","tests.login","2026-10-07","passed","2026-10-07","","test_login","",""
"Matrix #13: a new user can sign up, lands on ""Account Created!"",
    and is logged in on continuing.","7441","test_signup_happy_path","tests.signup","2026-10-07","passed","2026-10-07","","test_signup","",""
"Matrix #26: the search box is keyboard-reachable and Enter submits it.","7986","test_products_search_and_filters_keyboard_accessible","tests.products","2026-10-07","skipped","2026-10-07","","test_products","",""
"Matrix #2, #3: wrong password and unregistered email both show the
    same generic error and never log the user in.","2052","test_login_invalid_credentials[unregistered-email]","tests.login","2026-10-07","passed","2026-10-07","","test_login","",""
"Matrix #14: signing up with an already-registered email shows
    ""Email Address already exist!"" and never shows the account form.","2505","test_signup_duplicate_email","tests.signup","2026-10-07","passed","2026-10-07","","test_signup","",""
"Matrix #18, #25: the products page shows the product grid and search
    box. #25 (cross-browser parity) is covered by this same test running
    on Chromium, Firefox and WebKit in the nightly CI matrix.","715","test_products_grid_renders","tests.products","2026-10-07","passed","2026-10-07","","test_products","",""
"Matrix #27: the product page shows name, price, quantity and Add to cart.","509","test_product_details_renders","tests.product_details","2026-10-07","passed","2026-10-07","","test_product_details","",""
"Matrix #22: Women → Dress opens the filtered ""Dress Products"" list.","6496","test_products_category_filter","tests.products","2026-10-07","passed","2026-10-07","","test_products","",""
"Matrix #48: an automated axe-core (WCAG) scan of each key page finds
    no critical/serious violations beyond the page's known baseline — so
    new accessibility regressions fail the build while existing defects
    stay tracked.","805","test_no_new_accessibility_violations[/login]","tests.accessibility","2026-10-07","passed","2026-10-07","","test_accessibility","",""
"Matrix #2, #3: wrong password and unregistered email both show the
    same generic error and never log the user in.","995","test_login_invalid_credentials[unregistered-email]","tests.login","2026-10-07","passed","2026-10-07","","test_login","",""
"Matrix #20: a search with no matches shows the heading and zero
    products (the site has no dedicated ""no results"" message).","1646","test_products_search_no_results","tests.products","2026-10-07","passed","2026-10-07","","test_products","",""
"Matrix #45: the email field's native validation rejects a malformed address.","2516","test_contact_us_invalid_email_format","tests.contact_us","2026-10-07","passed","2026-10-07","","test_contact_us","",""
"Matrix #48: an automated axe-core (WCAG) scan of each key page finds
    no critical/serious violations beyond the page's known baseline — so
    new accessibility regressions fail the build while existing defects
    stay tracked.","1367","test_no_new_accessibility_violations[/view_cart]","tests.accessibility","2026-10-07","passed","2026-10-07","","test_accessibility","",""
"Matrix #47: every in-scope nav destination loads with a 2xx
    response and a rendered header. The only coverage the static Test
    Cases / API Testing pages get.","542","test_global_nav_link_resolves[/login]","tests.nav","2026-10-07","passed","2026-10-07","","test_global_nav","",""
"Matrix #20: a search with no matches shows the heading and zero
    products (the site has no dedicated ""no results"" message).","842","test_products_search_no_results","tests.products","2026-10-07","passed","2026-10-07","","test_products","",""
"Matrix #40: a card number containing letters should be rejected.","6648","test_checkout_invalid_payment_details_rejected","tests.checkout","2026-10-07","skipped","2026-10-07","","test_checkout","",""
"Matrix #47: every in-scope nav destination loads with a 2xx
    response and a rendered header. The only coverage the static Test
    Cases / API Testing pages get.","1261","test_global_nav_link_resolves[/products]","tests.nav","2026-10-07","passed","2026-10-07","","test_global_nav","",""
"Matrix #2, #3: wrong password and unregistered email both show the
    same generic error and never log the user in.","719","test_login_invalid_credentials[wrong-password]","tests.login","2026-10-07","passed","2026-10-07","","test_login","",""
"Matrix #2, #3: wrong password and unregistered email both show the
    same generic error and never log the user in.","2094","test_login_invalid_credentials[wrong-password]","tests.login","2026-10-07","passed","2026-10-07","","test_login","",""
"Matrix #38: a logged-out user who proceeds to checkout is asked to
    register / log in instead of reaching /checkout.","2191","test_checkout_requires_login","tests.checkout","2026-10-07","passed","2026-10-07","","test_checkout","",""
"Matrix #8: /delete_account has no server-side auth guard — while
    logged out it still renders ""Account Deleted!"" (only the nav link is
    hidden). Low impact since there is no account to delete, but a real
    authorization gap, so this test pins the current behavior.","552","test_unauthenticated_access_to_delete_account_not_guarded","tests.login","2026-10-07","passed","2026-10-07","","test_login","",""
"Matrix #47: every in-scope nav destination loads with a 2xx
    response and a rendered header. The only coverage the static Test
    Cases / API Testing pages get.","2628","test_global_nav_link_resolves[/products]","tests.nav","2026-10-07","passed","2026-10-07","","test_global_nav","",""
"Matrix #47: every in-scope nav destination loads with a 2xx
    response and a rendered header. The only coverage the static Test
    Cases / API Testing pages get.","674","test_global_nav_link_resolves[/products]","tests.nav","2026-10-07","passed","2026-10-07","","test_global_nav","",""
"Matrix #22: Women → Dress opens the filtered ""Dress Products"" list.","1256","test_products_category_filter","tests.products","2026-10-07","passed","2026-10-07","","test_products","",""
"Matrix #44: the required email field blocks an empty submission
    before the confirm dialog appears.","2686","test_contact_us_empty_required_fields","tests.contact_us","2026-10-07","passed","2026-10-07","","test_contact_us","",""
"Matrix #17: a 3-digit mobile number should be rejected.","11411","test_signup_invalid_mobile_number_format","tests.signup","2026-10-07","skipped","2026-10-07","","test_signup","",""
"Matrix #22: Women → Dress opens the filtered ""Dress Products"" list.","2291","test_products_category_filter","tests.products","2026-10-07","passed","2026-10-07","","test_products","",""
"Matrix #47: every in-scope nav destination loads with a 2xx
    response and a rendered header. The only coverage the static Test
    Cases / API Testing pages get.","1781","test_global_nav_link_resolves[/contact_us]","tests.nav","2026-10-07","passed","2026-10-07","","test_global_nav","",""
"Matrix #29: a large quantity (100) reaches the cart unchanged.","1083","test_product_details_quantity_large_value","tests.product_details","2026-10-07","passed","2026-10-07","","test_product_details","",""
"Matrix #48: an automated axe-core (WCAG) scan of each key page finds
    no critical/serious violations beyond the page's known baseline — so
    new accessibility regressions fail the build while existing defects
    stay tracked.","2576","test_no_new_accessibility_violations[/view_cart]","tests.accessibility","2026-10-07","passed","2026-10-07","","test_accessibility","",""
"Matrix #8: /delete_account has no server-side auth guard — while
    logged out it still renders ""Account Deleted!"" (only the nav link is
    hidden). Low impact since there is no account to delete, but a real
    authorization gap, so this test pins the current behavior.","628","test_unauthenticated_access_to_delete_account_not_guarded","tests.login","2026-10-07","passed","2026-10-07","","test_login","",""
"Matrix #48: an automated axe-core (WCAG) scan of each key page finds
    no critical/serious violations beyond the page's known baseline — so
    new accessibility regressions fail the build while existing defects
    stay tracked.","2669","test_no_new_accessibility_violations[/]","tests.accessibility","2026-10-07","passed","2026-10-07","","test_accessibility","",""
"Matrix #13: a new user can sign up, lands on ""Account Created!"",
    and is logged in on continuing.","4916","test_signup_happy_path","tests.signup","2026-10-07","passed","2026-10-07","","test_signup","",""
"Matrix #37: removing the only item returns the cart to its empty state.","2249","test_cart_remove_item_returns_to_empty","tests.cart","2026-10-07","passed","2026-10-07","","test_cart","",""
"Matrix #31: a complete review shows ""Thank you for your review."".","1959","test_product_review_submit_valid","tests.product_details","2026-10-07","passed","2026-10-07","","test_product_details","",""
"Matrix #39: end-to-end purchase — cart → checkout (address and order
    review shown) → payment → ""Order Placed!"" with an invoice link.","9335","test_checkout_happy_path","tests.checkout","2026-10-07","passed","2026-10-07","","test_checkout","",""
"Matrix #17: a 3-digit mobile number should be rejected.","14034","test_signup_invalid_mobile_number_format","tests.signup","2026-10-07","skipped","2026-10-07","","test_signup","",""
"Matrix #19: searching a known term shows ""Searched Products"" with
    matching results.","1989","test_products_search_matching_term","tests.products","2026-10-07","passed","2026-10-07","","test_products","",""
"Matrix #33: the review email field rejects a malformed address.","1703","test_product_review_invalid_email_format","tests.product_details","2026-10-07","passed","2026-10-07","","test_product_details","",""
"Matrix #28: a quantity of 0 should not be added to the cart.","5962","test_product_details_quantity_below_minimum_rejected","tests.product_details","2026-10-07","skipped","2026-10-07","","test_product_details","",""
"Matrix #48: an automated axe-core (WCAG) scan of each key page finds
    no critical/serious violations beyond the page's known baseline — so
    new accessibility regressions fail the build while existing defects
    stay tracked.","1381","test_no_new_accessibility_violations[/contact_us]","tests.accessibility","2026-10-07","passed","2026-10-07","","test_accessibility","",""
"Matrix #33: the review email field rejects a malformed address.","837","test_product_review_invalid_email_format","tests.product_details","2026-10-07","passed","2026-10-07","","test_product_details","",""
